Spool ID,Inventory Status,Material Type,Filler / Reinforcement,Finish / Effect,Color,Manufacturer,Product / Grade / Hardness,Preferred Brand,Diameter (mm),Tolerance (mm),Density (g/cm³),Nominal Weight (g),Empty Spool / Tare (g),Current Gross Weight (g),Remaining Filament (g),Remaining %,Used Filament (g),Est. Remaining Length (m),Full Spool Weight (g),Flow (%),Nozzle Temp (°C),Bed Temp (°C),Chamber Temp (°C),Retraction Distance (mm),Retraction Speed (mm/s),Pressure Advance,Purchase Source,Purchase Date,First Used,Last Used,Spool Cost,Cost / Gram,Notes
AS1,Needs Weighing,ASA,None,Standard,Black,3D Best-Q,,No,1.75,0.05,1.07,1000,,,,,,,,100,250,100,40,0.75,70,,Amazon,2021-03-16T00:02:00,2022-03-15T21:09:00,2022-03-30T21:43:00,27,0.027,
AS3,Needs Weighing,ASA,None,Standard,Black,3D Best-Q,,No,1.75,0.05,1.07,1000,,,,,,,,100,250,100,40,0.75,70,,Amazon,2021-03-16T00:01:00,,,27,0.027,
AS2,Needs Weighing,ASA,None,Standard,Light Gray,Polymaker,,Yes,1.75,0.02,1.07,1000,,,,,,,,100,250,100,40,0.75,70,,Amazon,2021-03-16T00:03:00,2022-03-27T22:35:00,2022-03-28T03:03:00,30,0.03,
AS4,Needs Weighing,ASA,None,Standard,Military Green,,,No,1.75,0.05,1.07,1000,,,,,,,,100,250,100,40,0.75,70,,Amazon,2021-03-16T00:01:00,,,27,0.027,
AS5,Needs Weighing,ASA,Carbon Fiber,Standard,Marsala,VOXELAB,,No,1.75,0.05,1.07,1000,,,,,,,,100,250,100,40,0.75,70,,Amazon,2021-03-16T00:01:00,,,27,0.027,
N1,Needs Weighing,NYLON,None,Standard,Black,TAULMAN,645 (PA6),Yes,1.75,0.02,1.52,454,,,,,,,,100,270,80,50,0.75,70,,Amazon,2021-03-16,2021-05-23T18:30:00,2021-05-23T21:02:00,26,0.05726872246696035,
C1,Needs Weighing,PCTPE,None,Standard,Natural White,TAULMAN,65A Shore,Yes,1.75,0.02,1.2,454,,,,,,,,100,230,40,40,0.75,70,,Amazon,2021-03-16,,,15,0.03303964757709251,
G6,Needs Weighing,PETG,Carbon Fiber,Standard,Black,ATOMIC,,No,1.75,0.02,1.27,1000,,,,,,,,100,245,70,0,0.75,70,0.54,Amazon,2021-03-16,2021-05-20T03:16:00,2022-03-15T20:30:00,15,0.015,
G1,Needs Weighing,PETG,None,Standard,Black,SUNLU,,No,1.75,0.02,1.27,1000,,,,,,,,100,235,75,0,0.75,70,0.54,Amazon,2021-03-16,2021-06-04T00:17:00,2021-06-05T14:47:00,15,0.015,
G2,Needs Weighing,PETG,None,Standard,Blue,SUNLU,,No,1.75,0.02,1.27,1000,,,,,,,,100,245,75,0,0.75,70,0.54,Amazon,2021-03-16,2021-05-20T03:16:00,2022-03-12T23:09:00,15,0.015,
G5,Needs Weighing,PETG,None,Transparent/Clear,Clear,NOVAMAKER,,No,1.75,0.02,1.27,1000,,,,,,,,100,240,75,0,0.75,70,0.54,Amazon,2021-05-21,2021-05-23T23:27:00,2021-05-24T03:59:00,19,0.019,
G3,Needs Weighing,PETG,None,Opaque,Green,3D SOLUTECH,,No,1.75,0.05,1.27,1000,,,,,,,,100,225,70,0,0.75,70,0.54,Amazon,2021-03-16,,,23,0.023,
G4,Needs Weighing,PETG,None,Standard,Military Green,PARAMOUNT,,No,1.75,0.02,1.27,1000,,,,,,,,100,240,80,0,0.75,70,0.54,Amazon,2021-03-16,,,29,0.029,
P12,Needs Weighing,PLA,Carbon Fiber,Standard,Black,SUNLU,,No,1.75,0.05,1.24,1000,,,,,,,,100,220,60,0,0.75,70,,Amazon,2021-03-16,2021-05-24T15:30:00,2021-05-25T22:51:00,31,0.031,
P3,In Stock,PLA,None,Standard,Black,SUNLU,,No,1.75,0.02,1.24,1000,116,1116,1000,1,0,335.28361941676434,1116,100,210,60,0,0.75,70,,Amazon,2021-03-16,,,18,0.018,
P2,Needs Weighing,PLA,None,Standard,Black,SUNLU,,No,1.75,0.02,1.24,1000,116,,,,,,1116,100,210,60,0,0.75,70,,Amazon,2021-03-16,2021-05-13T00:02:00,2021-05-13T03:58:00,16,0.016,
P1,Needs Weighing,PLA,None,Standard,Black,SUNLU,,No,1.75,0.02,1.24,1000,116,,,,,,1116,100,210,60,0,0.75,70,,Amazon,2021-03-16,2021-05-12T23:53:00,2021-05-26T21:18:00,16,0.016,
P8,Needs Weighing,PLA,None,Glow,Blue,AMOLEN,,No,1.75,0.03,1.24,200,,,,,,,,100,210,40,0,0.75,70,,Amazon,2021-03-16,2021-05-28T02:28:00,2021-05-28T03:35:00,9,0.045,
P7,Needs Weighing,PLA,None,Glow,Green,AMOLEN,,No,1.75,0.03,1.24,200,,,,,,,,100,210,60,0,0.75,70,,Amazon,2021-03-16,,,9,0.045,
P9,Needs Weighing,PLA,None,Marble,White,AMOLEN,,No,1.75,0.03,1.24,225,,,,,,,,100,210,60,0,0.75,70,,Amazon,2021-03-16,2021-05-27T15:39:00,2021-05-28T17:03:00,9,0.04,
P13,Needs Weighing,PLA,None,Rainbow,Multi-Color,SUPPLY3D,,No,1.75,0.03,1.24,1000,,,,,,,,100,195,60,0,0.75,70,,Amazon,2021-03-16,2021-05-28T19:43:00,2021-06-02T02:35:00,25,0.025,
P4,Needs Weighing,PLA,None,Standard,Red,SUNLU,,No,1.75,0.02,1.24,1000,,,,,,,,100,210,60,0,0.75,70,,Amazon,2021-04-26,,,18,0.018,
P10,Needs Weighing,PLA,None,Color Change,Multi-Color,AMOLEN,,No,1.75,0.03,1.24,200,,,,,,,,100,210,60,0,0.75,70,,Amazon,2021-03-16,,,9,0.045,
P11,Needs Weighing,PLA,None,Matte,Gray,ELEGOO,,No,1.75,0.03,1.24,1000,,,,,,,,100,210,60,0,0.75,70,,Amazon,2021-03-16,,,9,0.009,
A1,Needs Weighing,PLA+,None,Standard,Black,SUNLU,,Yes,1.75,0.02,1.24,1000,,,,,,,,100,220,70,0,0.75,70,,Amazon,2021-03-16,,,21,0.021,
A2,Needs Weighing,PLA+,None,Standard,Orange,SUNLU,,Yes,1.75,0.02,1.24,1000,,,,,,,,100,220,70,0,0.75,70,,Amazon,2021-03-16,2021-05-25T22:53:00,2022-03-10T02:31:00,23,0.023,
A3,Needs Weighing,PLA+,Wood,Standard,Brown,ISANMATE,,No,1.75,0.03,1.24,1000,,,,,,,,100,220,70,0,0.75,70,,Amazon,2021-03-16,,,25,0.025,
PP1,Needs Weighing,PP,None,Standard,Black,FIBERLOGY,,No,1.75,0.05,0.9,1000,,,,,,,,,,,,0.75,70,,,,,,,,
P5,Needs Weighing,PLA,None,Silk,Copper,ERYONE,,No,1.75,0.05,1.24,500,,,,,,,,100,190,40,0,0.75,70,,Amazon,2021-03-16,,,12.3,0.0246,
P6,Needs Weighing,PLA,None,Silk,Gold,ERYONE,,No,1.75,0.05,1.24,500,,,,,,,,100,190,40,0,0.75,70,,Amazon,2021-03-16,,,12.3,0.0246,
P11-S,Needs Weighing,PLA,None,Silk,Multi-Color,ERYONE,Rainbow,No,1.75,0.05,1.24,500,,,,,,,,100,190,40,0,0.75,70,,Amazon,2021-03-16,2021-05-26T21:43:00,2021-05-27T15:39:00,12.3,0.0246,Original sheet contained a duplicate spool ID: P11. Rainbow color variation.
S2,Needs Weighing,SPLA,None,Standard,White,SUNLU,,No,1.75,0.05,1.25,1000,,,,,,,,100,235,75,0,0.75,70,,Amazon,2021-03-16,,,15,0.015,
S1,Needs Weighing,SPLA,None,Standard,White,SUNLU,,No,1.75,0.05,1.25,1000,,,,,,,,100,235,75,0,0.75,70,,Amazon,2021-03-16,2021-05-20T01:18:00,2022-03-12T15:13:00,15,0.015,
T2,Needs Weighing,TPU,None,Standard,Blue,NINJATEK,95A Shore,Yes,1.75,0.02,1.21,500,,,,,,,,100,240,40,0,0.75,70,,Amazon,2021-03-16,,,32,0.064,
T1,Needs Weighing,TPU,None,Standard,Red,NINJATEK,95A Shore,Yes,1.75,0.02,1.21,500,,,,,,,,100,240,40,0,0.75,70,,Amazon,2021-03-16,,,32,0.064,
